Class,Detections,Average_Confidence
person,8,0.5309192538261414
bed,1,0.7019619196653366
